ID_Vente;Date_Vente;ID_Client;Client;ID_Produit;Produit;Categorie;Quantite;Montant;ID_Magasin;Magasin;Ville;Region;Vendeur
V00001;04/01/2023;CLI089;Léa Marchal;P001;Casque Bluetooth Aria;Électronique;6;539,40;MAG02;Atelier Amiens Rivery;Amiens;Nord;Nora Lefèvre
V00002;04/01/2023;CLI005;Yanis Riviere;P003;Écran 27 pouces Lumen;Électronique;2;658,00;MAG06;Atelier Dijon Darcy;Dijon;Est;Yanis Perrot
V00003;04/01/2023;;Yanis Caron;P008;Chargeur USB-C Foudre;Électronique;6;209,40;MAG10;Atelier Créteil Soleil;Créteil;Île-de-France;Hugo Marchand
V00004;2023.01.09;CLI068;Léa Guérin;P103;Caisson à roulettes Tiroir;Mobilier;7;1 253,00;MAG10;Atelier Créteil Soleil;Créteil;Île-de-France;Camille Fournier
V00005;2023.01.10;CLI065;  Étienne Quintin ;P201;Carnet A5 Feuillet;Papeterie;42;289,80;MAG01;Atelier Lille Grand Place;Lille;Nord;Nora Lefèvre
V00006;11/01/2023;CLI045;  Océane Ozanne ;P404;Casque filaire Fil;Téléphonie;17;338,30;MAG07;Atelier Nantes Graslin;Nantes;Ouest;Inès Moreau
V00007;2023.01.13;CLI031;Claire Renaud;P404;Casque filaire Fil;Téléphonie;18;358,20;MAG02;Atelier Amiens Rivery;Amiens;Nord;Nora Lefèvre
V00008;18/01/2023;CLI073;Karim Lambert   ;P302;Machine à café Arôme;Électroménager;3;657,00;MAG09;Atelier Paris Réaumur;Paris;Île-de-France;Hugo Marchand
V00009;2023.01.19;CLI090;Thomas Imbert;P007;Disque SSD 1 To Silex;Électronique;3;327,00;MAG05;Atelier Strasbourg Krutenau;Strasbourg;Est;Yanis Perrot
V00010;19/01/2023;CLI046;Léa Masson;P201;Carnet A5 Feuillet;Papeterie;22;151,80;MAG03;Atelier Marseille Prado;Marseille;Sud;Samir Haddad
V00011;19/01/2023;CLI036;  Idriss Estève ;P406;Câble tressé Lien;Téléphonie;18;268,20;MAG10;Atelier Créteil Soleil;Créteil;Île-de-France;Hugo Marchand
V00012;20/01/2023;CLI056;Thomas Riviere;P207;Agrafeuse Attache;Papeterie;22;327,80;MAG05;Atelier Strasbourg Krutenau;Strasbourg;Est;Yanis Perrot
V00013;2023.01.20;CLI065;Étienne Quintin;P406;Câble tressé Lien;Téléphonie;20;298,00;MAG05;Atelier Strasbourg Krutenau;Strasbourg;Est;Yanis Perrot
V00014;21-janv-23;CLI085;Amandine Klein;P202;Stylo roller Encre;Papeterie;32;144,00;MAG03;Atelier Marseille Prado;Marseille;Sud;Léa Bonnet
V00015;2023.01.22;CLI009;Étienne Klein;P206;Marqueur effaçable Ardoise;Papeterie;34;95,20;MAG05;Atelier Strasbourg Krutenau;Strasbourg;Est;Yanis Perrot
V00016;22/01/2023;CLI018;Thomas Ollivier;P302;Machine à café Arôme;Électroménager;2;438,00;MAG05;Atelier Strasbourg Krutenau;Strasbourg;Est;Yanis Perrot
V00017;25/01/2023;CLI067;Bastien Mercier;P306;Aspirateur balai Souffle;Électroménager;4;796,00;MAG01;Atelier Lille Grand Place;Lille;Nord;Nora Lefèvre
V00018;27-janv-23;CLI095;Nora Garnier;P203;Ramette A4 Blancheur;Papeterie;18;160,20;MAG04;Atelier Toulouse Capitole;Toulouse;Sud;Samir Haddad
V00019;28/01/2023;CLI004;Amandine Leroy;P101;Chaise de bureau Assise;Mobilier;2;498,00;MAG06;Atelier Dijon Darcy;Dijon;Est;Yanis Perrot
V00020;2023.01.30;CLI056;Thomas Riviere;P401;Smartphone Signal;Téléphonie;1;449,00;MAG06;Atelier Dijon Darcy;Dijon;Est;Yanis Perrot
V00021;01/02/2023;CLI075;Léa Aubert;P004;Clavier mécanique Frappe;Électronique;5;597,50;MAG04;Atelier Toulouse Capitole;Toulouse;Sud;Léa Bonnet
V00022;03/02/2023;CLI026;Camille Aubert;P403;Batterie externe Réserve;Téléphonie;13;518,70;MAG06;Atelier Dijon Darcy;Dijon;Est;Yanis Perrot
V00023;2023.02.04;CLI095;Nora Garnier;P204;Classeur à levier Dossier;Papeterie;36;194,40;MAG12;Atelier Tours Nationale;Tours;Centre;Claire Vasseur
V00024;2023.02.05;CLI080;Fatima Dupont;P206;Marqueur effaçable Ardoise;Papeterie;12;33,60;MAG10;Atelier Créteil Soleil;Créteil;Île-de-France;Camille Fournier
V00025;06/02/2023;CLI039;Claire Klein;P205;Bloc-notes adhésif Repère;Papeterie;25;97,50;MAG07;Atelier Nantes Graslin;Nantes;Ouest;Malik Benali
V00026;6-févr-23;CLI079;Karim Guérin;P403;Batterie externe Réserve;Téléphonie;10;399,00;MAG10;Atelier Créteil Soleil;Créteil;Île-de-France;Hugo Marchand
V00027;2023.02.07;CLI073;Karim Lambert;P205;Bloc-notes adhésif Repère;Papeterie;66;257,40;MAG10;Atelier Créteil Soleil;Créteil;Île-de-France;Camille Fournier
V00028;08/02/2023;CLI016;Julien Noël;P305;Ventilateur colonne Brise;Électroménager;7;623.00;MAG02;Atelier Amiens Rivery;Amiens;Nord;Nora Lefèvre
V00029;2023.02.09;CLI085;Amandine Klein;P001;Casque Bluetooth Aria;Électronique;9;809,10;MAG04;Atelier Toulouse Capitole;Toulouse;Sud;Léa Bonnet
V00030;09/02/2023;CLI073;Karim Lambert;P401;Smartphone Signal;Téléphonie;3;1 347,00;MAG09;Atelier Paris Réaumur;Paris;Île-de-France;Hugo Marchand
V00031;2023.02.10;CLI069; Léa  Lambert;P103;Caisson à roulettes Tiroir;Mobilier;6;1 074,00;MAG01;Atelier Lille Grand Place;Lille;Nord;Nora Lefèvre
V00032;11/02/2023;CLI003;Naïma Blanchard;P005;Souris ergonomique Galet;Électronique;9;449.10;MAG12;Atelier Tours Nationale;Tours;Centre;Claire Vasseur
V00033;11/02/2023;CLI056;Thomas Riviere;P202;Stylo roller Encre;Papeterie;51;229,50;MAG10;Atelier Créteil Soleil;Créteil;Île-de-France;Hugo Marchand
V00034;2023.02.11;CLI059;Thomas Imbert;P405;Support voiture Cardan;Téléphonie;3;N/A;MAG09;Atelier Paris Réaumur;Paris;Île-de-France;Hugo Marchand
V00035;15/02/2023;CLI046; Léa  Masson;P207;Agrafeuse Attache;Papeterie;20;298.00;MAG09;Atelier Paris Réaumur;Paris;Île-de-France;Camille Fournier
V00036;2023.02.16;CLI074;  Inès Mercier ;P205;Bloc-notes adhésif Repère;Papeterie;48;187,20;MAG09;Atelier Paris Réaumur;Paris;Île-de-France;Camille Fournier
V00037;17-févr-23;CLI027;Naïma Guérin;P201;Carnet A5 Feuillet;Papeterie;38;262,20;MAG06;Atelier Dijon Darcy;Dijon;Est;Yanis Perrot
V00038;18/02/2023;CLI027;Naïma Guérin;P105;Étagère modulaire Strate;Mobilier;4;556,00;MAG06;Atelier Dijon Darcy;Dijon;Est;Yanis Perrot
V00039;2023.02.22;CLI044;Sarah Guérin   ;P007;Disque SSD 1 To Silex;Électronique;6;654,00;MAG10;Atelier Créteil Soleil;Créteil;Île-de-France;Camille Fournier
V00040;2023.02.22;CLI062;Grégoire Delaunay   ;P201;Carnet A5 Feuillet;Papeterie;15;103,50;MAG11;Atelier Orléans Martroi;Orléans;Centre;Claire Vasseur
V00041;23/02/2023;CLI071;Marion Delaunay;P303;Micro-ondes Onde;Électroménager;3;447,00;MAG10;Atelier Créteil Soleil;Créteil;Île-de-France;Hugo Marchand
V00042;26/02/2023;CLI022;Marion Quintin;P302;Machine à café Arôme;Électroménager;5;1 095,00;MAG08;Atelier Rennes Sainte-Anne;Rennes;Ouest;Malik Benali
V00043;26/02/2023;CLI066;Lucie Masson;P304;Réfrigérateur d'appoint Fraîcheur;Électroménager;2;558,00;MAG05;Atelier Strasbourg Krutenau;Strasbourg;Est;Yanis Perrot
V00044;27/02/2023;CLI020;Bastien Estève;P305;Ventilateur colonne Brise;Électroménager;6;534,00;MAG04;Atelier Toulouse Capitole;Toulouse;Sud;Samir Haddad
V00045;28/02/2023;CLI025;Idriss Jacquet;P207;Agrafeuse Attache;Papeterie;12;178,80;MAG05;Atelier Strasbourg Krutenau;Strasbourg;Est;Yanis Perrot
V00046;01/03/2023;CLI025;Idriss Jacquet;P008;Chargeur USB-C Foudre;Électronique;8;279,20;MAG11;Atelier Orléans Martroi;Orléans;Centre;Claire Vasseur
V00047;1-mars-23;CLI042;Vincent Guérin;P403;Batterie externe Réserve;Téléphonie;9;359,10;MAG08;Atelier Rennes Sainte-Anne;Rennes;Ouest;Inès Moreau
V00048;2023.03.01;CLI012;Léa Renaud;P406;Câble tressé Lien;Téléphonie;12;178,80;MAG07;Atelier Nantes Graslin;Nantes;Ouest;Malik Benali
V00049;2023.03.04;CLI011;Sarah Bertrand;P001;Casque Bluetooth Aria;Électronique;3;269,70;MAG01;Atelier Lille Grand Place;Lille;Nord;Nora Lefèvre
V00050;04/03/2023;CLI001;  Hugo Gaillard ;P203;Ramette A4 Blancheur;Papeterie;33;293,70;MAG04;Atelier Toulouse Capitole;Toulouse;Sud;Léa Bonnet
V00051;06/03/2023;CLI033;Mehdi Riviere;P402;Coque renforcée Carapace;Téléphonie;16;398,40;MAG09;Atelier Paris Réaumur;Paris;Île-de-France;Camille Fournier
V00052;07/03/2023;CLI056;Thomas Riviere;P001;Casque Bluetooth Aria;Électronique;5;449,50;MAG08;Atelier Rennes Sainte-Anne;Rennes;Ouest;Malik Benali
V00053;09/03/2023;CLI089;Léa Marchal;P305;Ventilateur colonne Brise;Électroménager;6;534.00;MAG05;Atelier Strasbourg Krutenau;Strasbourg;Est;Yanis Perrot
V00054;9-mars-23;CLI024;Lucie Gaillard;P403;Batterie externe Réserve;Téléphonie;13;518.70;MAG10;Atelier Créteil Soleil;Créteil;Île-de-France;Hugo Marchand
V00055;11/03/2023;CLI048;Camille Caron;P303;Micro-ondes Onde;Électroménager;5;745,00;MAG06;Atelier Dijon Darcy;Dijon;Est;Yanis Perrot
V00056;2023.03.12;CLI095;Nora Garnier;P007;Disque SSD 1 To Silex;Électronique;6;654,00;MAG09;Atelier Paris Réaumur;Paris;Île-de-France;Camille Fournier
V00057;12/03/2023;CLI052;  Océane Ollivier ;P203;Ramette A4 Blancheur;Papeterie;29;258,10;MAG07;Atelier Nantes Graslin;Nantes;Ouest;Inès Moreau
V00058;12/03/2023;CLI039;Claire Klein   ;P304;Réfrigérateur d'appoint Fraîcheur;Électroménager;4;1 116,00;MAG10;Atelier Créteil Soleil;Créteil;Île-de-France;Camille Fournier
V00059;14/03/2023;CLI095;Nora Garnier;P103;Caisson à roulettes Tiroir;Mobilier;5;895,00;MAG09;Atelier Paris Réaumur;Paris;Île-de-France;Hugo Marchand
V00060;16/03/2023;CLI059;Thomas Imbert;P007;Disque SSD 1 To Silex;Électronique;6;654,00;MAG08;Atelier Rennes Sainte-Anne;Rennes;Ouest;Malik Benali
V00061;19/03/2023;CLI042; Vincent  Guérin;P402;Coque renforcée Carapace;Téléphonie;14;348,60;MAG05;Atelier Strasbourg Krutenau;Strasbourg;Est;Yanis Perrot
V00062;20/03/2023;CLI028; Yanis  Dumas;P201;Carnet A5 Feuillet;Papeterie;42;289.80;MAG07;Atelier Nantes Graslin;Nantes;Ouest;Inès Moreau
V00063;20/03/2023;CLI082;  Claire Mercier ;P204;Classeur à levier Dossier;Papeterie;37;199,80;MAG02;Atelier Amiens Rivery;Amiens;Nord;Thomas Girard
V00064;22/03/2023;CLI022;Marion Quintin   ;P002;Enceinte nomade Volta;Électronique;1;129,00;MAG02;Atelier Amiens Rivery;Amiens;Nord;Thomas Girard
V00065;22/03/2023;CLI093;Anaïs Riviere;P005;Souris ergonomique Galet;Électronique;6;NON COMMUNIQUE;MAG02;Atelier Amiens Rivery;Amiens;Nord;Nora Lefèvre
V00066;2023.03.23;CLI023;Malik Ollivier;P304;Réfrigérateur d'appoint Fraîcheur;Électroménager;2;558,00;MAG08;Atelier Rennes Sainte-Anne;Rennes;Ouest;Malik Benali
V00067;25/03/2023;CLI042;Vincent Guérin;P207;Agrafeuse Attache;Papeterie;11;163,90;MAG03;Atelier Marseille Prado;Marseille;Sud;Léa Bonnet
V00068;25/03/2023;CLI051;Yanis Marchal;P403;Batterie externe Réserve;Téléphonie;15;598,50;MAG12;Atelier Tours Nationale;Tours;Centre;Claire Vasseur
V00069;26-mars-23;CLI044;Sarah Guérin;P007;Disque SSD 1 To Silex;Électronique;3;327,00;MAG02;Atelier Amiens Rivery;Amiens;Nord;Nora Lefèvre
V00070;26/03/2023;CLI081;Anaïs Perrier;P205;Bloc-notes adhésif Repère;Papeterie;60;234,00;MAG03;Atelier Marseille Prado;Marseille;Sud;Léa Bonnet
V00071;2023.03.28;CLI025;Idriss Jacquet;P203;Ramette A4 Blancheur;Papeterie;22;195,80;MAG10;Atelier Créteil Soleil;Créteil;Île-de-France;Camille Fournier
V00072;28-mars-23;CLI078;Pierre-Yves Riviere;P205;Bloc-notes adhésif Repère;Papeterie;32;124,80;MAG03;Atelier Marseille Prado;Marseille;Sud;Samir Haddad
V00073;29-mars-23;CLI040;Amandine Dumas   ;P401;Smartphone Signal;Téléphonie;2;898,00;MAG06;Atelier Dijon Darcy;Dijon;Est;Yanis Perrot
V00074;30/03/2023;CLI041;Océane Gaillard;P104;Lampe d'architecte Faisceau;Mobilier;1;94,50;MAG09;Atelier Paris Réaumur;Paris;Île-de-France;Hugo Marchand
V00075;30/03/2023;CLI059;Thomas Imbert;P207;Agrafeuse Attache;Papeterie;13;193,70;MAG12;Atelier Tours Nationale;Tours;Centre;Sofia Renard
V00076;2023.03.30;CLI039;Claire Klein;P404;Casque filaire Fil;Téléphonie;16;318,40;MAG10;Atelier Créteil Soleil;Créteil;Île-de-France;Hugo Marchand
V00077;31-mars-23;CLI051;  Yanis Marchal ;P405;Support voiture Cardan;Téléphonie;7;209,30;MAG01;Atelier Lille Grand Place;Lille;Nord;Thomas Girard
V00078;2023.04.01;CLI019;Océane Riviere;P204;Classeur à levier Dossier;Papeterie;32;172,80;MAG02;Atelier Amiens Rivery;Amiens;Nord;Thomas Girard
V00079;03/04/2023;CLI053;Chloé Imbert;P203;Ramette A4 Blancheur;Papeterie;23;204,70;MAG12;Atelier Tours Nationale;Tours;Centre;Claire Vasseur
V00080;2023.04.03;CLI020;Bastien Estève;P401;Smartphone Signal;Téléphonie;1;449,00;MAG11;Atelier Orléans Martroi;Orléans;Centre;Claire Vasseur
V00081;04/04/2023;CLI053;  Chloé Imbert ;P403;Batterie externe Réserve;Téléphonie;15;598,50;MAG09;Atelier Paris Réaumur;Paris;Île-de-France;Camille Fournier
V00082;05/04/2023;CLI064;Inès Dupont;P102;Bureau réglable Altitude;Mobilier;1;549.00;MAG09;Atelier Paris Réaumur;Paris;Île-de-France;Hugo Marchand
V00083;05/04/2023;CLI065;Étienne Quintin;P202;Stylo roller Encre;Papeterie;19;85,50;MAG07;Atelier Nantes Graslin;Nantes;Ouest;Malik Benali
V00084;05/04/2023;CLI057;Grégoire Caron;P205;Bloc-notes adhésif Repère;Papeterie;48;187,20;MAG02;Atelier Amiens Rivery;Amiens;Nord;Nora Lefèvre
V00085;5-avr-23;CLI012;Léa Renaud;P303;Micro-ondes Onde;Électroménager;4;596,00;MAG08;Atelier Rennes Sainte-Anne;Rennes;Ouest;Malik Benali
V00086;06/04/2023;CLI068;Léa Guérin;P103;Caisson à roulettes Tiroir;Mobilier;3;537.00;MAG12;Atelier Tours Nationale;Tours;Centre;Claire Vasseur
V00087;06/04/2023;CLI056;Thomas Riviere;P104;Lampe d'architecte Faisceau;Mobilier;4;378,00;MAG07;Atelier Nantes Graslin;Nantes;Ouest;Inès Moreau
V00088;6-avr-23;CLI076;Julien Chevalier;P104;Lampe d'architecte Faisceau;Mobilier;6;567.00;MAG09;Atelier Paris Réaumur;Paris;Île-de-France;Hugo Marchand
V00089;07/04/2023;CLI092;Inès Guérin;P204;Classeur à levier Dossier;Papeterie;14;75,60;MAG03;Atelier Marseille Prado;Marseille;Sud;Samir Haddad
V00090;07/04/2023;CLI056;Thomas Riviere   ;P305;Ventilateur colonne Brise;Électroménager;4;;MAG01;Atelier Lille Grand Place;Lille;Nord;Thomas Girard
V00091;2023.04.07;CLI018;Thomas Ollivier;P401;Smartphone Signal;Téléphonie;3;1347.00;MAG10;Atelier Créteil Soleil;Créteil;Île-de-France;Camille Fournier
V00092;07/04/2023;CLI095;Nora Garnier;P406;Câble tressé Lien;Téléphonie;12;178,80;MAG10;Atelier Créteil Soleil;Créteil;Île-de-France;Camille Fournier
V00093;2023.04.09;CLI007; Julien  Thibault;P004;Clavier mécanique Frappe;Électronique;6;717,00;MAG03;Atelier Marseille Prado;Marseille;Sud;Léa Bonnet
V00094;2023.04.10;CLI001;Hugo Gaillard;P304;Réfrigérateur d'appoint Fraîcheur;Électroménager;2;558,00;MAG12;Atelier Tours Nationale;Tours;Centre;Sofia Renard
V00095;14-avr-23;CLI017;Pierre-Yves Vaillant;P003;Écran 27 pouces Lumen;Électronique;2;658,00;MAG10;Atelier Créteil Soleil;Créteil;Île-de-France;Hugo Marchand
V00096;14/04/2023;CLI081;Anaïs Perrier;P004;Clavier mécanique Frappe;Électronique;3;358,50;MAG07;Atelier Nantes Graslin;Nantes;Ouest;Inès Moreau
V00097;19/04/2023;CLI066;Lucie Masson;P101;Chaise de bureau Assise;Mobilier;3;747,00;MAG08;Atelier Rennes Sainte-Anne;Rennes;Ouest;Inès Moreau
V00098;19/04/2023;CLI025;Idriss Jacquet;P102;Bureau réglable Altitude;Mobilier;3;1647.00;MAG10;Atelier Créteil Soleil;Créteil;Île-de-France;Camille Fournier
V00099;2023.04.20;CLI031;Claire Renaud;P207;Agrafeuse Attache;Papeterie;19;283,10;MAG09;Atelier Paris Réaumur;Paris;Île-de-France;Hugo Marchand
V00100;2023.04.23;CLI074;Inès Mercier;P005;Souris ergonomique Galet;Électronique;8;399,20;MAG09;Atelier Paris Réaumur;Paris;Île-de-France;Camille Fournier
V00101;2023.04.23;CLI022;Marion Quintin   ;P104;Lampe d'architecte Faisceau;Mobilier;2;189,00;MAG01;Atelier Lille Grand Place;Lille;Nord;Thomas Girard
V00102;27/04/2023;CLI008;Claire Fontaine;P304;Réfrigérateur d'appoint Fraîcheur;Électroménager;2;558.00;MAG10;Atelier Créteil Soleil;Créteil;Île-de-France;Hugo Marchand
V00103;28/04/2023;CLI027;Naïma Guérin;P007;Disque SSD 1 To Silex;Électronique;4;436,00;MAG11;Atelier Orléans Martroi;Orléans;Centre;Sofia Renard
V00104;28/04/2023;CLI005;Yanis Riviere;P205;Bloc-notes adhésif Repère;Papeterie;51;198,90;MAG11;Atelier Orléans Martroi;Orléans;Centre;Claire Vasseur
V00105;29/04/2023;CLI016;Julien Noël;P206;Marqueur effaçable Ardoise;Papeterie;40;112,00;MAG08;Atelier Rennes Sainte-Anne;Rennes;Ouest;Inès Moreau
V00106;30-avr-23;CLI033;Mehdi Riviere;P402;Coque renforcée Carapace;Téléphonie;15;373,50;MAG07;Atelier Nantes Graslin;Nantes;Ouest;Inès Moreau
V00107;02/05/2023;CLI086;Sofia Ozanne;P002;Enceinte nomade Volta;Électronique;3;387,00;MAG02;Atelier Amiens Rivery;Amiens;Nord;Nora Lefèvre
V00108;02/05/2023;CLI055;Yanis Chevalier;P004;Clavier mécanique Frappe;Électronique;2;239,00;MAG12;Atelier Tours Nationale;Tours;Centre;Claire Vasseur
V00109;2-mai-23;CLI016;Julien Noël;P008;Chargeur USB-C Foudre;Électronique;3;104,70;MAG03;Atelier Marseille Prado;Marseille;Sud;Samir Haddad
V00110;03/05/2023;CLI067;Bastien Mercier;P003;Écran 27 pouces Lumen;Électronique;2;658,00;MAG06;Atelier Dijon Darcy;Dijon;Est;Yanis Perrot
V00111;03/05/2023;CLI090;Thomas Imbert;P006;Webcam HD Regard;Électronique;3;237,00;MAG04;Atelier Toulouse Capitole;Toulouse;Sud;Léa Bonnet
V00112;03/05/2023;CLI013;Marion Faure;P302;Machine à café Arôme;Électroménager;2;438,00;MAG03;Atelier Marseille Prado;Marseille;Sud;Samir Haddad
V00113;5-mai-23;CLI074;Inès Mercier;P002;Enceinte nomade Volta;Électronique;7;903,00;MAG02;Atelier Amiens Rivery;Amiens;Nord;Nora Lefèvre
V00114;05/05/2023;CLI028;Yanis Dumas   ;P401;Smartphone Signal;Téléphonie;2;898,00;MAG06;Atelier Dijon Darcy;Dijon;Est;Yanis Perrot
V00115;06/05/2023;CLI066;Lucie Masson;P207;Agrafeuse Attache;Papeterie;19;283,10;MAG10;Atelier Créteil Soleil;Créteil;Île-de-France;Camille Fournier
V00116;2023.05.06;CLI066;Lucie Masson;P406;Câble tressé Lien;Téléphonie;11;163,90;MAG10;Atelier Créteil Soleil;Créteil;Île-de-France;Hugo Marchand
V00117;7-mai-23;CLI084;Grégoire Perrier;P002;Enceinte nomade Volta;Électronique;5;645.00;MAG11;Atelier Orléans Martroi;Orléans;Centre;Claire Vasseur
V00118;07/05/2023;CLI053;Chloé Imbert   ;P201;Carnet A5 Feuillet;Papeterie;16;110,40;MAG05;Atelier Strasbourg Krutenau;Strasbourg;Est;Yanis Perrot
V00119;2023.05.07;CLI020;Bastien Estève;P202;Stylo roller Encre;Papeterie;21;94,50;MAG06;Atelier Dijon Darcy;Dijon;Est;Yanis Perrot
V00120;07/05/2023;CLI092;Inès Guérin;P304;Réfrigérateur d'appoint Fraîcheur;Électroménager;4;1 116,00;MAG09;Atelier Paris Réaumur;Paris;Île-de-France;Camille Fournier
V00121;08/05/2023;CLI041;Océane Gaillard;P105;Étagère modulaire Strate;Mobilier;3;417,00;MAG06;Atelier Dijon Darcy;Dijon;Est;Yanis Perrot
V00122;8-mai-23;CLI015;Marion Garnier   ;P205;Bloc-notes adhésif Repère;Papeterie;30;117,00;MAG04;Atelier Toulouse Capitole;Toulouse;Sud;Léa Bonnet
V00123;9-mai-23;CLI017;Pierre-Yves Vaillant;P207;Agrafeuse Attache;Papeterie;7;104,30;MAG02;Atelier Amiens Rivery;Amiens;Nord;Thomas Girard
V00124;10/05/2023;CLI050;  Élodie Blanchard ;P202;Stylo roller Encre;Papeterie;49;220,50;MAG03;Atelier Marseille Prado;Marseille;Sud;Samir Haddad
V00125;10/05/2023;CLI088;Samir Mercier;P207;Agrafeuse Attache;Papeterie;12;178,80;MAG03;Atelier Marseille Prado;Marseille;Sud;Samir Haddad
V00126;2023.05.10;CLI004;Amandine Leroy;P304;Réfrigérateur d'appoint Fraîcheur;Électroménager;2;558,00;MAG11;Atelier Orléans Martroi;Orléans;Centre;Sofia Renard
V00127;10/05/2023;CLI081;Anaïs Perrier;P306;Aspirateur balai Souffle;Électroménager;4;796,00;MAG05;Atelier Strasbourg Krutenau;Strasbourg;Est;Yanis Perrot
V00128;2023.05.11;CLI041;Océane Gaillard;P206;Marqueur effaçable Ardoise;Papeterie;66;184,80;MAG04;Atelier Toulouse Capitole;Toulouse;Sud;Samir Haddad
V00129;12/05/2023;CLI048;Camille Caron;P001;Casque Bluetooth Aria;Électronique;5;449,50;MAG12;Atelier Tours Nationale;Tours;Centre;Claire Vasseur
V00130;12/05/2023;CLI039;Claire Klein;P204;Classeur à levier Dossier;Papeterie;30;162,00;MAG09;Atelier Paris Réaumur;Paris;Île-de-France;Camille Fournier
V00131;12-mai-23;CLI043;Yanis Klein;P306;Aspirateur balai Souffle;Électroménager;4;796.00;MAG11;Atelier Orléans Martroi;Orléans;Centre;Claire Vasseur
V00132;12/05/2023;CLI050;Élodie Blanchard;P404;Casque filaire Fil;Téléphonie;17;338,30;MAG05;Atelier Strasbourg Krutenau;Strasbourg;Est;Yanis Perrot
V00133;2023.05.14;CLI034;  Océane Gaillard ;P106;Fauteuil visiteur Accueil;Mobilier;4;756,00;MAG02;Atelier Amiens Rivery;Amiens;Nord;Nora Lefèvre
V00134;15/05/2023;CLI023;Malik Ollivier;P404;Casque filaire Fil;Téléphonie;12;238,80;MAG03;Atelier Marseille Prado;Marseille;Sud;Léa Bonnet
V00135;16-mai-23;CLI056;  Thomas Riviere ;P006;Webcam HD Regard;Électronique;5;395.00;MAG10;Atelier Créteil Soleil;Créteil;Île-de-France;Hugo Marchand
V00136;16/05/2023;CLI078;Pierre-Yves Riviere;P303;Micro-ondes Onde;Électroménager;3;447,00;MAG09;Atelier Paris Réaumur;Paris;Île-de-France;Camille Fournier
V00137;16/05/2023;CLI009;Étienne Klein;P401;Smartphone Signal;Téléphonie;3;1 347,00;MAG02;Atelier Amiens Rivery;Amiens;Nord;Nora Lefèvre
;;;;;;;;;;;;;
V00138;17/05/2023;CLI014;Étienne Imbert;P007;Disque SSD 1 To Silex;Électronique;6;654,00;MAG07;Atelier Nantes Graslin;Nantes;Ouest;Inès Moreau
V00139;18/05/2023;CLI054;Malik Marchal;P201;Carnet A5 Feuillet;Papeterie;6;41,40;MAG08;Atelier Rennes Sainte-Anne;Rennes;Ouest;Malik Benali
V00140;2023.05.19;CLI040;Amandine Dumas;P001;Casque Bluetooth Aria;Électronique;10;899,00;MAG03;Atelier Marseille Prado;Marseille;Sud;Samir Haddad
V00141;20/05/2023;CLI074;Inès Mercier;P201;Carnet A5 Feuillet;Papeterie;30;207,00;MAG09;Atelier Paris Réaumur;Paris;Île-de-France;Hugo Marchand
V00142;2023.05.21;CLI018;Thomas Ollivier;P008;Chargeur USB-C Foudre;Électronique;10;349.00;MAG04;Atelier Toulouse Capitole;Toulouse;Sud;Samir Haddad
V00143;21-mai-23;CLI076;Julien Chevalier;P202;Stylo roller Encre;Papeterie;59;265,50;MAG10;Atelier Créteil Soleil;Créteil;Île-de-France;Camille Fournier
V00144;2023.05.21;CLI088;Samir Mercier;P402;Coque renforcée Carapace;Téléphonie;16;398,40;MAG12;Atelier Tours Nationale;Tours;Centre;Claire Vasseur
V00145;2023.05.25;CLI073;  Karim Lambert ;P305;Ventilateur colonne Brise;Électroménager;8;712,00;MAG12;Atelier Tours Nationale;Tours;Centre;Claire Vasseur
V00146;28/05/2023;CLI027;  Naïma Guérin ;P001;Casque Bluetooth Aria;Électronique;10;899.00;MAG10;Atelier Créteil Soleil;Créteil;Île-de-France;Camille Fournier
V00147;28/05/2023;CLI002;Yanis Caron;P201;Carnet A5 Feuillet;Papeterie;28;193,20;MAG01;Atelier Lille Grand Place;Lille;Nord;Nora Lefèvre
V00148;2023.05.28;CLI016;Julien Noël;P406;Câble tressé Lien;Téléphonie;10;149,00;MAG09;Atelier Paris Réaumur;Paris;Île-de-France;Camille Fournier
V00149;29/05/2023;CLI065;Étienne Quintin;P102;Bureau réglable Altitude;Mobilier;1;549,00;MAG10;Atelier Créteil Soleil;Créteil;Île-de-France;Hugo Marchand
V00150;2023.05.29;CLI002; Yanis  Caron;P403;Batterie externe Réserve;Téléphonie;4;159,60;MAG05;Atelier Strasbourg Krutenau;Strasbourg;Est;Yanis Perrot
V00151;2023.05.30;CLI079;Karim Guérin;P007;Disque SSD 1 To Silex;Électronique;6;654.00;MAG11;Atelier Orléans Martroi;Orléans;Centre;Claire Vasseur
V00152;2023.05.30;CLI062;Grégoire Delaunay;P305;Ventilateur colonne Brise;Électroménager;5;445,00;MAG12;Atelier Tours Nationale;Tours;Centre;Claire Vasseur
V00153;31/05/2023;CLI018;  Thomas Ollivier ;P207;Agrafeuse Attache;Papeterie;20;298,00;MAG05;Atelier Strasbourg Krutenau;Strasbourg;Est;Yanis Perrot
V00154;2023.06.01;CLI069;Léa Lambert;P003;Écran 27 pouces Lumen;Électronique;3;987,00;MAG09;Atelier Paris Réaumur;Paris;Île-de-France;Camille Fournier
V00155;02/06/2023;CLI053;Chloé Imbert;P401;Smartphone Signal;Téléphonie;2;898.00;MAG07;Atelier Nantes Graslin;Nantes;Ouest;Malik Benali
V00156;03/06/2023;CLI003;  Naïma Blanchard ;P306;Aspirateur balai Souffle;Électroménager;2;398.00;MAG03;Atelier Marseille Prado;Marseille;Sud;Samir Haddad
V00157;05/06/2023;CLI050;Élodie Blanchard;P403;Batterie externe Réserve;Téléphonie;12;478,80;MAG12;Atelier Tours Nationale;Tours;Centre;Claire Vasseur
V00158;2023.06.06;;Sofia Ozanne;P205;Bloc-notes adhésif Repère;Papeterie;34;132,60;MAG02;Atelier Amiens Rivery;Amiens;Nord;Nora Lefèvre
V00159;07/06/2023;CLI032;Lucie Mercier;P204;Classeur à levier Dossier;Papeterie;36;194,40;MAG06;Atelier Dijon Darcy;Dijon;Est;Yanis Perrot
V00160;07/06/2023;CLI024;Lucie Gaillard;P401;Smartphone Signal;Téléphonie;2;898,00;MAG02;Atelier Amiens Rivery;Amiens;Nord;Thomas Girard
V00161;08/06/2023;CLI035;Lucie Gaillard;P101;Chaise de bureau Assise;Mobilier;3;747.00;MAG07;Atelier Nantes Graslin;Nantes;Ouest;Inès Moreau
V00162;10/06/2023;CLI052;Océane Ollivier;P306;Aspirateur balai Souffle;Électroménager;2;398,00;MAG04;Atelier Toulouse Capitole;Toulouse;Sud;Samir Haddad
V00163;10/06/2023;CLI007;Julien Thibault;P401;Smartphone Signal;Téléphonie;1;449,00;MAG07;Atelier Nantes Graslin;Nantes;Ouest;Inès Moreau
V00164;10/06/2023;CLI017; Pierre-Yves  Vaillant;P401;Smartphone Signal;Téléphonie;1;449,00;MAG08;Atelier Rennes Sainte-Anne;Rennes;Ouest;Malik Benali
V00165;11/06/2023;CLI068;  Léa Guérin ;P103;Caisson à roulettes Tiroir;Mobilier;5;895,00;MAG04;Atelier Toulouse Capitole;Toulouse;Sud;Léa Bonnet
V00166;12/06/2023;CLI063;Malik Fontaine;P404;Casque filaire Fil;Téléphonie;19;378,10;MAG03;Atelier Marseille Prado;Marseille;Sud;Samir Haddad
V00167;2023.06.13;CLI063;Malik Fontaine;P301;Bouilloire Vapeur;Électroménager;15;673,50;MAG01;Atelier Lille Grand Place;Lille;Nord;Nora Lefèvre
V00168;14/06/2023;CLI006;Malik Lambert;P104;Lampe d'architecte Faisceau;Mobilier;5;472,50;MAG07;Atelier Nantes Graslin;Nantes;Ouest;Malik Benali
V00169;14-juin-23;CLI003;Naïma Blanchard;P304;Réfrigérateur d'appoint Fraîcheur;Électroménager;2;558,00;MAG04;Atelier Toulouse Capitole;Toulouse;Sud;Samir Haddad
V00170;16-juin-23;CLI005;Yanis Riviere;P304;Réfrigérateur d'appoint Fraîcheur;Électroménager;4;1 116,00;MAG08;Atelier Rennes Sainte-Anne;Rennes;Ouest;Malik Benali
V00171;2023.06.16;CLI073;Karim Lambert;P306;Aspirateur balai Souffle;Électroménager;2;398,00;MAG02;Atelier Amiens Rivery;Amiens;Nord;Thomas Girard
V00172;16/06/2023;CLI030;Sofia Estève;P402;Coque renforcée Carapace;Téléphonie;16;398,40;MAG10;Atelier Créteil Soleil;Créteil;Île-de-France;Hugo Marchand
V00173;18/06/2023;CLI051;  Yanis Marchal ;P008;Chargeur USB-C Foudre;Électronique;9;314,10;MAG03;Atelier Marseille Prado;Marseille;Sud;Léa Bonnet
V00174;19/06/2023;CLI007;  Julien Thibault ;P306;Aspirateur balai Souffle;Électroménager;4;796.00;MAG09;Atelier Paris Réaumur;Paris;Île-de-France;Camille Fournier
V00175;20/06/2023;CLI014;Étienne Imbert;P006;Webcam HD Regard;Électronique;5;395,00;MAG01;Atelier Lille Grand Place;Lille;Nord;Thomas Girard
V00176;20/06/2023;CLI069;Léa Lambert;P304;Réfrigérateur d'appoint Fraîcheur;Électroménager;4;1 116,00;MAG09;Atelier Paris Réaumur;Paris;Île-de-France;Hugo Marchand
V00177;2023.06.20;CLI070;Sofia Dupont;P402;Coque renforcée Carapace;Téléphonie;15;373,50;MAG08;Atelier Rennes Sainte-Anne;Rennes;Ouest;Inès Moreau
V00178;21/06/2023;CLI050;Élodie Blanchard;P102;Bureau réglable Altitude;Mobilier;4;2 196,00;MAG03;Atelier Marseille Prado;Marseille;Sud;Léa Bonnet
V00179;21/06/2023;CLI081;  Anaïs Perrier ;P304;Réfrigérateur d'appoint Fraîcheur;Électroménager;3;837,00;MAG09;Atelier Paris Réaumur;Paris;Île-de-France;Hugo Marchand
V00180;22/06/2023;CLI022;Marion Quintin;P405;Support voiture Cardan;Téléphonie;14;418,60;MAG03;Atelier Marseille Prado;Marseille;Sud;Léa Bonnet
V00181;22/06/2023;CLI055; Yanis  Chevalier;P405;Support voiture Cardan;Téléphonie;11;328,90;MAG02;Atelier Amiens Rivery;Amiens;Nord;Nora Lefèvre
V00182;25/06/2023;CLI027;  Naïma Guérin ;P205;Bloc-notes adhésif Repère;Papeterie;62;241,80;MAG09;Atelier Paris Réaumur;Paris;Île-de-France;Camille Fournier
V00183;2023.06.25;CLI047;Léa Caron;P306;Aspirateur balai Souffle;Électroménager;3;597,00;MAG04;Atelier Toulouse Capitole;Toulouse;Sud;Léa Bonnet
V00184;27/06/2023;CLI057;Grégoire Caron;P006;Webcam HD Regard;Électronique;6;474,00;MAG09;Atelier Paris Réaumur;Paris;Île-de-France;Hugo Marchand
V00185;2023.06.27;CLI085;Amandine Klein;P205;Bloc-notes adhésif Repère;Papeterie;63;245,70;MAG10;Atelier Créteil Soleil;Créteil;Île-de-France;Camille Fournier
V00186;27/06/2023;CLI086;Sofia Ozanne;P207;Agrafeuse Attache;Papeterie;18;268,20;MAG11;Atelier Orléans Martroi;Orléans;Centre;Claire Vasseur
V00187;27/06/2023;CLI026; Camille  Aubert;P304;Réfrigérateur d'appoint Fraîcheur;Électroménager;4;1 116,00;MAG10;Atelier Créteil Soleil;Créteil;Île-de-France;Camille Fournier
V00188;28/06/2023;CLI044;  Sarah Guérin ;P202;Stylo roller Encre;Papeterie;54;243,00;MAG11;Atelier Orléans Martroi;Orléans;Centre;Claire Vasseur
V00189;2023.06.28;CLI048;  Camille Caron ;P404;Casque filaire Fil;Téléphonie;21;417,90;MAG04;Atelier Toulouse Capitole;Toulouse;Sud;Samir Haddad
V00190;29/06/2023;CLI051;Yanis Marchal;P302;Machine à café Arôme;Électroménager;3;657.00;MAG06;Atelier Dijon Darcy;Dijon;Est;Yanis Perrot
V00191;30/06/2023;CLI069;Léa Lambert;P102;Bureau réglable Altitude;Mobilier;2;1 098,00;MAG10;Atelier Créteil Soleil;Créteil;Île-de-France;Hugo Marchand
V00192;02/07/2023;CLI034;Océane Gaillard;P008;Chargeur USB-C Foudre;Électronique;10;349,00;MAG08;Atelier Rennes Sainte-Anne;Rennes;Ouest;Malik Benali
V00193;03/07/2023;CLI094;Julien Gaillard;P302;Machine à café Arôme;Électroménager;5;1 095,00;MAG12;Atelier Tours Nationale;Tours;Centre;Claire Vasseur
V00194;04/07/2023;CLI016;Julien Noël;P205;Bloc-notes adhésif Repère;Papeterie;34;132,60;MAG05;Atelier Strasbourg Krutenau;Strasbourg;Est;Bastien Roux
V00195;07/07/2023;CLI038;  Amandine Marchal ;P206;Marqueur effaçable Ardoise;Papeterie;71;198,80;MAG10;Atelier Créteil Soleil;Créteil;Île-de-France;Hugo Marchand
V00196;2023.07.08;CLI074; Inès  Mercier;P203;Ramette A4 Blancheur;Papeterie;39;347,10;MAG07;Atelier Nantes Graslin;Nantes;Ouest;Inès Moreau
V00197;09/07/2023;CLI011;Sarah Bertrand;P301;Bouilloire Vapeur;Électroménager;10;449.00;MAG06;Atelier Dijon Darcy;Dijon;Est;Yanis Perrot
V00198;9-juil-23;CLI015;Marion Garnier;P403;Batterie externe Réserve;Téléphonie;9;359,10;MAG08;Atelier Rennes Sainte-Anne;Rennes;Ouest;Malik Benali
V00199;11/07/2023;CLI075;Léa Aubert;P106;Fauteuil visiteur Accueil;Mobilier;2;378,00;MAG03;Atelier Marseille Prado;Marseille;Sud;Samir Haddad
V00200;11/07/2023;CLI093;  Anaïs Riviere ;P106;Fauteuil visiteur Accueil;Mobilier;4;756,00;MAG05;Atelier Strasbourg Krutenau;Strasbourg;Est;Yanis Perrot
V00201;13/07/2023;CLI095;Nora Garnier;P304;Réfrigérateur d'appoint Fraîcheur;Électroménager;3;837,00;MAG08;Atelier Rennes Sainte-Anne;Rennes;Ouest;Malik Benali
V00202;15/07/2023;CLI024;Lucie Gaillard;P402;Coque renforcée Carapace;Téléphonie;19;473,10;MAG01;Atelier Lille Grand Place;Lille;Nord;Nora Lefèvre
V00203;15/07/2023;CLI046;Léa Masson;P404;Casque filaire Fil;Téléphonie;16;318,40;MAG06;Atelier Dijon Darcy;Dijon;Est;Bastien Roux
V00204;16/07/2023;CLI050;Élodie Blanchard;P406;Câble tressé Lien;Téléphonie;35;521.50;MAG10;Atelier Créteil Soleil;Créteil;Île-de-France;Camille Fournier
V00205;18/07/2023;CLI032;Lucie Mercier;P106;Fauteuil visiteur Accueil;Mobilier;2;378,00;MAG02;Atelier Amiens Rivery;Amiens;Nord;Thomas Girard
V00206;18/07/2023;CLI011;  Sarah Bertrand ;P201;Carnet A5 Feuillet;Papeterie;32;220,80;MAG04;Atelier Toulouse Capitole;Toulouse;Sud;Samir Haddad
V00207;2023.07.19;CLI056;Thomas Riviere;P006;Webcam HD Regard;Électronique;4;316.00;MAG03;Atelier Marseille Prado;Marseille;Sud;Léa Bonnet
V00208;2023.07.21;CLI021;Yanis Lefebvre   ;P302;Machine à café Arôme;Électroménager;4;876,00;MAG02;Atelier Amiens Rivery;Amiens;Nord;Thomas Girard
V00209;21/07/2023;CLI003;Naïma Blanchard;P306;Aspirateur balai Souffle;Électroménager;6;1 194,00;MAG03;Atelier Marseille Prado;Marseille;Sud;Léa Bonnet
V00210;2023.07.21;CLI079;Karim Guérin;P306;Aspirateur balai Souffle;Électroménager;4;796,00;MAG06;Atelier Dijon Darcy;Dijon;Est;Yanis Perrot
V00211;25/07/2023;CLI012;Léa Renaud;P305;Ventilateur colonne Brise;Électroménager;5;445,00;MAG03;Atelier Marseille Prado;Marseille;Sud;Léa Bonnet
V00212;2023.07.27;CLI081;Anaïs Perrier;P102;Bureau réglable Altitude;Mobilier;3;1 647,00;MAG02;Atelier Amiens Rivery;Amiens;Nord;Nora Lefèvre
V00213;27/07/2023;CLI038;  Amandine Marchal ;P301;Bouilloire Vapeur;Électroménager;9;404,10;MAG01;Atelier Lille Grand Place;Lille;Nord;Nora Lefèvre
V00214;7-févr-38;CLI031;Claire Renaud;P006;Webcam HD Regard;Électronique;8;632,00;MAG11;Atelier Orléans Martroi;Orléans;Centre;Claire Vasseur
V00215;29/07/2023;CLI028;Yanis Dumas;P402;Coque renforcée Carapace;Téléphonie;2;49,80;MAG03;Atelier Marseille Prado;Marseille;Sud;Samir Haddad
V00216;29/07/2023;CLI068;  Léa Guérin ;P405;Support voiture Cardan;Téléphonie;4;119,60;MAG07;Atelier Nantes Graslin;Nantes;Ouest;Malik Benali
V00217;30/07/2023;CLI084;Grégoire Perrier;P002;Enceinte nomade Volta;Électronique;9;1 161,00;MAG08;Atelier Rennes Sainte-Anne;Rennes;Ouest;Inès Moreau
V00218;2023.07.30;CLI067;Bastien Mercier;P205;Bloc-notes adhésif Repère;Papeterie;17;66.30;MAG09;Atelier Paris Réaumur;Paris;Île-de-France;Camille Fournier
V00219;01/08/2023;CLI021;Yanis Lefebvre;P304;Réfrigérateur d'appoint Fraîcheur;Électroménager;3;837,00;MAG09;Atelier Paris Réaumur;Paris;Île-de-France;Camille Fournier
V00220;02/08/2023;CLI005;  Yanis Riviere ;P303;Micro-ondes Onde;Électroménager;2;298,00;MAG02;Atelier Amiens Rivery;Amiens;Nord;Thomas Girard
V00221;02/08/2023;CLI015;Marion Garnier;P404;Casque filaire Fil;Téléphonie;5;99,50;MAG05;Atelier Strasbourg Krutenau;Strasbourg;Est;Yanis Perrot
V00222;03/08/2023;CLI053;Chloé Imbert;P101;Chaise de bureau Assise;Mobilier;4;996,00;MAG01;Atelier Lille Grand Place;Lille;Nord;Thomas Girard
V00223;4-août-23;CLI029;Léa Dumas;P206;Marqueur effaçable Ardoise;Papeterie;80;224,00;MAG09;Atelier Paris Réaumur;Paris;Île-de-France;Camille Fournier
V00224;05/08/2023;CLI024;Lucie Gaillard;P205;Bloc-notes adhésif Repère;Papeterie;28;109,20;MAG05;Atelier Strasbourg Krutenau;Strasbourg;Est;Bastien Roux
V00225;2023.08.05;CLI072;Malik Ollivier;P206;Marqueur effaçable Ardoise;Papeterie;32;89,60;MAG11;Atelier Orléans Martroi;Orléans;Centre;Claire Vasseur
V00226;05/08/2023;CLI082;Claire Mercier;P306;Aspirateur balai Souffle;Électroménager;7;1393.00;MAG10;Atelier Créteil Soleil;Créteil;Île-de-France;Camille Fournier
V00227;05/08/2023;CLI068;Léa Guérin;P402;Coque renforcée Carapace;Téléphonie;5;124,50;MAG04;Atelier Toulouse Capitole;Toulouse;Sud;Samir Haddad
V00228;6-août-23;CLI078;Pierre-Yves Riviere;P101;Chaise de bureau Assise;Mobilier;2;498,00;MAG08;Atelier Rennes Sainte-Anne;Rennes;Ouest;Inès Moreau
V00229;2023.08.06;CLI072;Malik Ollivier;P104;Lampe d'architecte Faisceau;Mobilier;8;756.00;MAG08;Atelier Rennes Sainte-Anne;Rennes;Ouest;Malik Benali
V00230;06/08/2023;CLI069;Léa Lambert;P206;Marqueur effaçable Ardoise;Papeterie;40;112,00;MAG04;Atelier Toulouse Capitole;Toulouse;Sud;Samir Haddad
V00231;08/08/2023;CLI092;Inès Guérin;P401;Smartphone Signal;Téléphonie;1;449,00;MAG09;Atelier Paris Réaumur;Paris;Île-de-France;Hugo Marchand
V00232;10/08/2023;CLI052;  Océane Ollivier ;P304;Réfrigérateur d'appoint Fraîcheur;Électroménager;1;279,00;MAG01;Atelier Lille Grand Place;Lille;Nord;Thomas Girard
V00233;12/05/2035;CLI039;Claire Klein;P203;Ramette A4 Blancheur;Papeterie;28;249,20;MAG07;Atelier Nantes Graslin;Nantes;Ouest;Inès Moreau
V00234;11/08/2023;CLI086;Sofia Ozanne;P206;Marqueur effaçable Ardoise;Papeterie;56;156,80;MAG10;Atelier Créteil Soleil;Créteil;Île-de-France;Camille Fournier
V00235;12-août-23;CLI049;Léa Caron;P103;Caisson à roulettes Tiroir;Mobilier;4;716,00;MAG06;Atelier Dijon Darcy;Dijon;Est;Yanis Perrot
V00236;14-août-23;CLI035;Lucie Gaillard;P302;Machine à café Arôme;Électroménager;6;-;MAG10;Atelier Créteil Soleil;Créteil;Île-de-France;Camille Fournier
V00237;14/08/2023;CLI095;Nora Garnier;P401;Smartphone Signal;Téléphonie;3;1 347,00;MAG04;Atelier Toulouse Capitole;Toulouse;Sud;Léa Bonnet
V00238;15/08/2023;CLI058;  Sofia Ziani ;P001;Casque Bluetooth Aria;Électronique;8;719,20;MAG12;Atelier Tours Nationale;Tours;Centre;Claire Vasseur
V00239;2023.08.15;CLI003;Naïma Blanchard;P201;Carnet A5 Feuillet;Papeterie;8;à valider;MAG04;Atelier Toulouse Capitole;Toulouse;Sud;Samir Haddad
V00240;15/08/2023;CLI063;Malik Fontaine;P205;Bloc-notes adhésif Repère;Papeterie;27;105,30;MAG04;Atelier Toulouse Capitole;Toulouse;Sud;Samir Haddad
V00241;15/08/2023;CLI072;Malik Ollivier   ;P301;Bouilloire Vapeur;Électroménager;10;449,00;MAG10;Atelier Créteil Soleil;Créteil;Île-de-France;Hugo Marchand
V00242;15/08/2023;CLI038;  Amandine Marchal ;P304;Réfrigérateur d'appoint Fraîcheur;Électroménager;3;837,00;MAG05;Atelier Strasbourg Krutenau;Strasbourg;Est;Yanis Perrot
V00243;15-août-23;CLI050;Élodie Blanchard;P406;Câble tressé Lien;Téléphonie;21;312.90;MAG02;Atelier Amiens Rivery;Amiens;Nord;Nora Lefèvre
V00244;16/08/2023;CLI028;Yanis Dumas;P204;Classeur à levier Dossier;Papeterie;42;226,80;MAG04;Atelier Toulouse Capitole;Toulouse;Sud;Samir Haddad
V00245;18/08/2023;CLI092;  Inès Guérin ;P304;Réfrigérateur d'appoint Fraîcheur;Électroménager;3;837,00;MAG03;Atelier Marseille Prado;Marseille;Sud;Léa Bonnet
V00246;2023.08.19;CLI037; Naïma  Blanchard;P001;Casque Bluetooth Aria;Électronique;6;539,40;MAG10;Atelier Créteil Soleil;Créteil;Île-de-France;Hugo Marchand
V00247;2023.08.19;CLI035;Lucie Gaillard;P207;Agrafeuse Attache;Papeterie;10;149,00;MAG07;Atelier Nantes Graslin;Nantes;Ouest;Inès Moreau
V00248;20/08/2023;CLI057;Grégoire Caron;P205;Bloc-notes adhésif Repère;Papeterie;47;183,30;MAG12;Atelier Tours Nationale;Tours;Centre;Claire Vasseur
V00249;2023.08.21;CLI009;Étienne Klein;P403;Batterie externe Réserve;Téléphonie;12;478,80;MAG01;Atelier Lille Grand Place;Lille;Nord;Nora Lefèvre
V00250;23/08/2023;CLI004;Amandine Leroy;P006;Webcam HD Regard;Électronique;7;553,00;MAG08;Atelier Rennes Sainte-Anne;Rennes;Ouest;Malik Benali
V00251;2023.08.26;CLI009;Étienne Klein;P202;Stylo roller Encre;Papeterie;29;130,50;MAG03;Atelier Marseille Prado;Marseille;Sud;Samir Haddad
V00252;2023.08.26;CLI061;Anaïs Mercier;P202;Stylo roller Encre;Papeterie;36;162,00;MAG04;Atelier Toulouse Capitole;Toulouse;Sud;Samir Haddad
V00253;27-août-23;CLI008;Claire Fontaine;P207;Agrafeuse Attache;Papeterie;20;298,00;MAG04;Atelier Toulouse Capitole;Toulouse;Sud;Samir Haddad
V00254;27/08/2023;CLI013;Marion Faure;P301;Bouilloire Vapeur;Électroménager;7;314,30;MAG09;Atelier Paris Réaumur;Paris;Île-de-France;Hugo Marchand
V00255;27/08/2023;CLI034;Océane Gaillard;P304;Réfrigérateur d'appoint Fraîcheur;Électroménager;2;558,00;MAG03;Atelier Marseille Prado;Marseille;Sud;Léa Bonnet
V00256;2023.08.27;CLI076;Julien Chevalier;P405;Support voiture Cardan;Téléphonie;10;299,00;MAG01;Atelier Lille Grand Place;Lille;Nord;Thomas Girard
V00257;28/08/2023;CLI035;  Lucie Gaillard ;P201;Carnet A5 Feuillet;Papeterie;33;227,70;MAG11;Atelier Orléans Martroi;Orléans;Centre;Claire Vasseur
V00258;28/08/2023;CLI077;  Yanis Nguyen ;P202;Stylo roller Encre;Papeterie;53;238,50;MAG09;Atelier Paris Réaumur;Paris;Île-de-France;Hugo Marchand
V00259;28/08/2023;CLI089;Léa Marchal;P203;Ramette A4 Blancheur;Papeterie;39;347,10;MAG10;Atelier Créteil Soleil;Créteil;Île-de-France;Camille Fournier
V00260;30-août-23;CLI091;Yanis Bertrand;P403;Batterie externe Réserve;Téléphonie;12;478,80;MAG07;Atelier Nantes Graslin;Nantes;Ouest;Inès Moreau
V00261;2023.09.01;CLI018;Thomas Ollivier;P203;Ramette A4 Blancheur;Papeterie;29;258,10;MAG03;Atelier Marseille Prado;Marseille;Sud;Samir Haddad
V00262;01/09/2023;CLI004; Amandine  Leroy;P205;Bloc-notes adhésif Repère;Papeterie;26;101,40;MAG11;Atelier Orléans Martroi;Orléans;Centre;Sofia Renard
V00263;2-sept-23;CLI071;Marion Delaunay;P203;Ramette A4 Blancheur;Papeterie;29;258,10;MAG08;Atelier Rennes Sainte-Anne;Rennes;Ouest;Inès Moreau
V00264;02/09/2023;CLI081;Anaïs Perrier;P203;Ramette A4 Blancheur;Papeterie;28;249,20;MAG04;Atelier Toulouse Capitole;Toulouse;Sud;Samir Haddad
V00265;2023.09.02;CLI059;Thomas Imbert;P207;Agrafeuse Attache;Papeterie;18;268.20;MAG09;Atelier Paris Réaumur;Paris;Île-de-France;Hugo Marchand
V00266;2023.09.02;CLI062;Grégoire Delaunay;P302;Machine à café Arôme;Électroménager;2;;MAG04;Atelier Toulouse Capitole;Toulouse;Sud;Samir Haddad
V00267;3-sept-23;CLI031;Claire Renaud;P003;Écran 27 pouces Lumen;Électronique;4;1 316,00;MAG08;Atelier Rennes Sainte-Anne;Rennes;Ouest;Inès Moreau
V00268;2023.09.03;CLI014;Étienne Imbert;P302;Machine à café Arôme;Électroménager;4;876,00;MAG09;Atelier Paris Réaumur;Paris;Île-de-France;Camille Fournier
V00269;03/09/2023;CLI015;Marion Garnier;P306;Aspirateur balai Souffle;Électroménager;3;597,00;MAG04;Atelier Toulouse Capitole;Toulouse;Sud;Samir Haddad
V00270;04/09/2023;CLI004;  Amandine Leroy ;P403;Batterie externe Réserve;Téléphonie;9;359,10;MAG05;Atelier Strasbourg Krutenau;Strasbourg;Est;Yanis Perrot
V00271;04/09/2023;;Claire Fontaine;P404;Casque filaire Fil;Téléphonie;13;258,70;MAG08;Atelier Rennes Sainte-Anne;Rennes;Ouest;Inès Moreau
V00272;05/09/2023;CLI007;Julien Thibault;P002;Enceinte nomade Volta;Électronique;9;1161.00;MAG09;Atelier Paris Réaumur;Paris;Île-de-France;Camille Fournier
V00273;05/09/2023;CLI022;Marion Quintin;P203;Ramette A4 Blancheur;Papeterie;44;391,60;MAG02;Atelier Amiens Rivery;Amiens;Nord;Nora Lefèvre
V00274;6-sept-23;CLI021;Yanis Lefebvre;P008;Chargeur USB-C Foudre;Électronique;12;418,80;MAG08;Atelier Rennes Sainte-Anne;Rennes;Ouest;Inès Moreau
V00275;06/09/2023;CLI061;  Anaïs Mercier ;P203;Ramette A4 Blancheur;Papeterie;26;231.40;MAG08;Atelier Rennes Sainte-Anne;Rennes;Ouest;Inès Moreau
V00276;06/09/2023;CLI076;Julien Chevalier   ;P206;Marqueur effaçable Ardoise;Papeterie;26;72,80;MAG08;Atelier Rennes Sainte-Anne;Rennes;Ouest;Malik Benali
V00277;07/09/2023;CLI002;Yanis Caron;P306;Aspirateur balai Souffle;Électroménager;5;995,00;MAG07;Atelier Nantes Graslin;Nantes;Ouest;Malik Benali
V00278;2023.09.09;CLI057;Grégoire Caron;P004;Clavier mécanique Frappe;Électronique;8;956,00;MAG05;Atelier Strasbourg Krutenau;Strasbourg;Est;Yanis Perrot
V00279;09/09/2023;CLI095;Nora Garnier;P008;Chargeur USB-C Foudre;Électronique;3;104.70;MAG06;Atelier Dijon Darcy;Dijon;Est;Yanis Perrot
V00280;09/09/2023;CLI056;Thomas Riviere;P202;Stylo roller Encre;Papeterie;40;180,00;MAG06;Atelier Dijon Darcy;Dijon;Est;Yanis Perrot
V00281;2023.09.09;CLI040; Amandine  Dumas;P206;Marqueur effaçable Ardoise;Papeterie;37;103,60;MAG12;Atelier Tours Nationale;Tours;Centre;Claire Vasseur
V00282;2023.09.09;CLI094;Julien Gaillard;P303;Micro-ondes Onde;Électroménager;2;298,00;MAG08;Atelier Rennes Sainte-Anne;Rennes;Ouest;Malik Benali
V00283;11-sept-23;CLI007;Julien Thibault;P202;Stylo roller Encre;Papeterie;42;189.00;MAG10;Atelier Créteil Soleil;Créteil;Île-de-France;Hugo Marchand
V00284;11/09/2023;CLI022;Marion Quintin;P303;Micro-ondes Onde;Électroménager;5;745,00;MAG04;Atelier Toulouse Capitole;Toulouse;Sud;Samir Haddad
V00285;2023.09.11;CLI088;Samir Mercier;P405;Support voiture Cardan;Téléphonie;7;209,30;MAG01;Atelier Lille Grand Place;Lille;Nord;Thomas Girard
V00286;14-sept-23;CLI041;Océane Gaillard;P101;Chaise de bureau Assise;Mobilier;3;747,00;MAG05;Atelier Strasbourg Krutenau;Strasbourg;Est;Yanis Perrot
V00287;14/09/2023;CLI085;Amandine Klein;P205;Bloc-notes adhésif Repère;Papeterie;22;85.80;MAG03;Atelier Marseille Prado;Marseille;Sud;Léa Bonnet
V00288;2023.09.15;CLI014;Étienne Imbert;P401;Smartphone Signal;Téléphonie;1;449,00;MAG02;Atelier Amiens Rivery;Amiens;Nord;Thomas Girard
V00289;2023.09.16;CLI063;Malik Fontaine;P102;Bureau réglable Altitude;Mobilier;1;549,00;MAG11;Atelier Orléans Martroi;Orléans;Centre;Claire Vasseur
V00290;2023.09.16;CLI024;Lucie Gaillard;P202;Stylo roller Encre;Papeterie;44;198,00;MAG09;Atelier Paris Réaumur;Paris;Île-de-France;Camille Fournier
V00291;2023.09.16;CLI037;Naïma Blanchard;P202;Stylo roller Encre;Papeterie;34;153,00;MAG06;Atelier Dijon Darcy;Dijon;Est;Yanis Perrot
V00292;16-sept-23;CLI032;Lucie Mercier   ;P207;Agrafeuse Attache;Papeterie;8;119,20;MAG09;Atelier Paris Réaumur;Paris;Île-de-France;Hugo Marchand
V00293;19/09/2023;CLI058;Sofia Ziani;P004;Clavier mécanique Frappe;Électronique;4;478,00;MAG09;Atelier Paris Réaumur;Paris;Île-de-France;Camille Fournier
V00294;19/09/2023;CLI095;Nora Garnier;P004;Clavier mécanique Frappe;Électronique;7;836,50;MAG10;Atelier Créteil Soleil;Créteil;Île-de-France;Camille Fournier
V00295;19/09/2023;CLI008;Claire Fontaine;P005;Souris ergonomique Galet;Électronique;9;449,10;MAG02;Atelier Amiens Rivery;Amiens;Nord;Thomas Girard
V00296;22/09/2023;CLI075;Léa Aubert;P205;Bloc-notes adhésif Repère;Papeterie;62;241.80;MAG03;Atelier Marseille Prado;Marseille;Sud;Léa Bonnet
V00297;22/09/2023;CLI019;Océane Riviere;P402;Coque renforcée Carapace;Téléphonie;20;498,00;MAG07;Atelier Nantes Graslin;Nantes;Ouest;Inès Moreau
;;;;;;;;;;;;;
V00298;23/09/2023;CLI005;Yanis Riviere;P005;Souris ergonomique Galet;Électronique;8;399,20;MAG07;Atelier Nantes Graslin;Nantes;Ouest;Malik Benali
V00299;23-sept-23;CLI090;Thomas Imbert;P301;Bouilloire Vapeur;Électroménager;2;89.80;MAG10;Atelier Créteil Soleil;Créteil;Île-de-France;Camille Fournier
V00300;24/09/2023;CLI059;Thomas Imbert;P104;Lampe d'architecte Faisceau;Mobilier;7;661,50;MAG08;Atelier Rennes Sainte-Anne;Rennes;Ouest;Malik Benali
V00301;24/09/2023;CLI028;Yanis Dumas;P206;Marqueur effaçable Ardoise;Papeterie;66;184.80;MAG09;Atelier Paris Réaumur;Paris;Île-de-France;Camille Fournier
V00302;2023.09.24;CLI032;Lucie Mercier;P403;Batterie externe Réserve;Téléphonie;5;199,50;MAG10;Atelier Créteil Soleil;Créteil;Île-de-France;Hugo Marchand
V00303;24/09/2023;CLI035;Lucie Gaillard;P405;Support voiture Cardan;Téléphonie;17;508,30;MAG11;Atelier Orléans Martroi;Orléans;Centre;Claire Vasseur
V00304;2023.09.25;CLI004;Amandine Leroy;P101;Chaise de bureau Assise;Mobilier;3;747,00;MAG12;Atelier Tours Nationale;Tours;Centre;Claire Vasseur
V00305;25-sept-23;CLI078;Pierre-Yves Riviere;P207;Agrafeuse Attache;Papeterie;17;253,30;MAG09;Atelier Paris Réaumur;Paris;Île-de-France;Camille Fournier
V00306;25/09/2023;CLI087;  Camille Garnier ;P207;Agrafeuse Attache;Papeterie;13;193.70;MAG03;Atelier Marseille Prado;Marseille;Sud;Léa Bonnet
V00307;28/09/2023;CLI003; Naïma  Blanchard;P008;Chargeur USB-C Foudre;Électronique;9;314,10;MAG12;Atelier Tours Nationale;Tours;Centre;Claire Vasseur
V00308;30/09/2023;CLI081;  Anaïs Perrier ;P202;Stylo roller Encre;Papeterie;37;166,50;MAG07;Atelier Nantes Graslin;Nantes;Ouest;Inès Moreau
V00309;01/10/2023;CLI055;Yanis Chevalier;P001;Casque Bluetooth Aria;Électronique;2;179,80;MAG08;Atelier Rennes Sainte-Anne;Rennes;Ouest;Inès Moreau
V00310;2023.10.01;CLI064;Inès Dupont;P004;Clavier mécanique Frappe;Électronique;7;836,50;MAG08;Atelier Rennes Sainte-Anne;Rennes;Ouest;Inès Moreau
V00311;2041.11.03;CLI019;Océane Riviere;P103;Caisson à roulettes Tiroir;Mobilier;6;1 074,00;MAG09;Atelier Paris Réaumur;Paris;Île-de-France;Camille Fournier
V00312;2023.10.02;CLI073;Karim Lambert;P302;Machine à café Arôme;Électroménager;3;657.00;MAG09;Atelier Paris Réaumur;Paris;Île-de-France;Camille Fournier
V00313;03/10/2023;CLI088;Samir Mercier;P101;Chaise de bureau Assise;Mobilier;2;498,00;MAG02;Atelier Amiens Rivery;Amiens;Nord;Thomas Girard
V00314;03/10/2023;CLI038;Amandine Marchal;P202;Stylo roller Encre;Papeterie;38;171,00;MAG05;Atelier Strasbourg Krutenau;Strasbourg;Est;Yanis Perrot
V00315;04/10/2023;CLI003;Naïma Blanchard;P203;Ramette A4 Blancheur;Papeterie;23;204,70;MAG11;Atelier Orléans Martroi;Orléans;Centre;Claire Vasseur
V00316;04/10/2023;CLI044;Sarah Guérin;P403;Batterie externe Réserve;Téléphonie;13;518,70;MAG02;Atelier Amiens Rivery;Amiens;Nord;Nora Lefèvre
V00317;04/10/2023;CLI001;Hugo Gaillard;P405;Support voiture Cardan;Téléphonie;12;358.80;MAG08;Atelier Rennes Sainte-Anne;Rennes;Ouest;Malik Benali
V00318;05/10/2023;CLI076;Julien Chevalier;P007;Disque SSD 1 To Silex;Électronique;5;545,00;MAG09;Atelier Paris Réaumur;Paris;Île-de-France;Hugo Marchand
V00319;2023.10.05;CLI092;Inès Guérin;P206;Marqueur effaçable Ardoise;Papeterie;41;114,80;MAG08;Atelier Rennes Sainte-Anne;Rennes;Ouest;Malik Benali
V00320;06/10/2023;CLI065;  Étienne Quintin ;P004;Clavier mécanique Frappe;Électronique;4;478.00;MAG07;Atelier Nantes Graslin;Nantes;Ouest;Inès Moreau
V00321;7-oct-23;CLI085;Amandine Klein;P207;Agrafeuse Attache;Papeterie;20;298,00;MAG01;Atelier Lille Grand Place;Lille;Nord;Thomas Girard
V00322;2023.10.08;CLI012;Léa Renaud;P302;Machine à café Arôme;Électroménager;4;876,00;MAG08;Atelier Rennes Sainte-Anne;Rennes;Ouest;Inès Moreau
V00323;09/10/2023;CLI003;Naïma Blanchard;P007;Disque SSD 1 To Silex;Électronique;1;109,00;MAG09;Atelier Paris Réaumur;Paris;Île-de-France;Hugo Marchand
V00324;10/10/2023;CLI077;  Yanis Nguyen ;P103;Caisson à roulettes Tiroir;Mobilier;4;716,00;MAG02;Atelier Amiens Rivery;Amiens;Nord;Thomas Girard
V00325;2023.10.11;CLI087;Camille Garnier;P008;Chargeur USB-C Foudre;Électronique;11;383,90;MAG01;Atelier Lille Grand Place;Lille;Nord;Nora Lefèvre
V00326;2023.10.11;CLI003;  Naïma Blanchard ;P201;Carnet A5 Feuillet;Papeterie;16;110,40;MAG06;Atelier Dijon Darcy;Dijon;Est;Yanis Perrot
V00327;2023.10.12;CLI071;Marion Delaunay;P008;Chargeur USB-C Foudre;Électronique;11;383,90;MAG06;Atelier Dijon Darcy;Dijon;Est;Yanis Perrot
V00328;12-oct-23;;Amandine Leroy;P302;Machine à café Arôme;Électroménager;5;1095.00;MAG12;Atelier Tours Nationale;Tours;Centre;Claire Vasseur
V00329;13-oct-23;CLI087;Camille Garnier;P103;Caisson à roulettes Tiroir;Mobilier;4;716,00;MAG09;Atelier Paris Réaumur;Paris;Île-de-France;Hugo Marchand
V00330;2023.10.13;CLI010;Naïma Ziani;P402;Coque renforcée Carapace;Téléphonie;10;249,00;MAG01;Atelier Lille Grand Place;Lille;Nord;Thomas Girard
V00331;2023.10.14;CLI069;Léa Lambert;P004;Clavier mécanique Frappe;Électronique;3;358,50;MAG07;Atelier Nantes Graslin;Nantes;Ouest;Malik Benali
V00332;2023.10.15;CLI034;Océane Gaillard;P105;Étagère modulaire Strate;Mobilier;3;417.00;MAG06;Atelier Dijon Darcy;Dijon;Est;Yanis Perrot
V00333;15-oct-23;CLI013;Marion Faure;P304;Réfrigérateur d'appoint Fraîcheur;Électroménager;2;558,00;MAG11;Atelier Orléans Martroi;Orléans;Centre;Claire Vasseur
V00334;15/10/2023;CLI045;Océane Ozanne;P406;Câble tressé Lien;Téléphonie;14;208,60;MAG10;Atelier Créteil Soleil;Créteil;Île-de-France;Hugo Marchand
V00335;2023.10.16;CLI075;Léa Aubert;P206;Marqueur effaçable Ardoise;Papeterie;54;151.20;MAG03;Atelier Marseille Prado;Marseille;Sud;Samir Haddad
V00336;2023.10.17;CLI069;Léa Lambert;P008;Chargeur USB-C Foudre;Électronique;13;453,70;MAG09;Atelier Paris Réaumur;Paris;Île-de-France;Hugo Marchand
V00337;17/10/2023;CLI060;Nora Perrier;P403;Batterie externe Réserve;Téléphonie;8;319,20;MAG09;Atelier Paris Réaumur;Paris;Île-de-France;Camille Fournier
V00338;17/10/2023;CLI044;Sarah Guérin;P406;Câble tressé Lien;Téléphonie;17;253,30;MAG03;Atelier Marseille Prado;Marseille;Sud;Léa Bonnet
V00339;18/10/2023;CLI068;Léa Guérin;P201;Carnet A5 Feuillet;Papeterie;21;144,90;MAG05;Atelier Strasbourg Krutenau;Strasbourg;Est;Yanis Perrot
V00340;18/10/2023;CLI016;Julien Noël;P204;Classeur à levier Dossier;Papeterie;52;280,80;MAG09;Atelier Paris Réaumur;Paris;Île-de-France;Hugo Marchand
V00341;19/10/2023;CLI055;Yanis Chevalier;P105;Étagère modulaire Strate;Mobilier;1;139.00;MAG08;Atelier Rennes Sainte-Anne;Rennes;Ouest;Malik Benali
V00342;19/10/2023;CLI052;Océane Ollivier;P201;Carnet A5 Feuillet;Papeterie;26;179,40;MAG04;Atelier Toulouse Capitole;Toulouse;Sud;Léa Bonnet
V00343;20/10/2023;CLI033; Mehdi  Riviere;P205;Bloc-notes adhésif Repère;Papeterie;57;222,30;MAG09;Atelier Paris Réaumur;Paris;Île-de-France;Camille Fournier
V00344;22/10/2023;CLI076;Julien Chevalier;P006;Webcam HD Regard;Électronique;4;316.00;MAG10;Atelier Créteil Soleil;Créteil;Île-de-France;Hugo Marchand
V00345;23/10/2023;CLI077;Yanis Nguyen;P305;Ventilateur colonne Brise;Électroménager;4;356,00;MAG06;Atelier Dijon Darcy;Dijon;Est;Yanis Perrot
V00346;2023.10.24;CLI054;Malik Marchal;P002;Enceinte nomade Volta;Électronique;5;645,00;MAG04;Atelier Toulouse Capitole;Toulouse;Sud;Samir Haddad
V00347;24/10/2023;CLI045;Océane Ozanne   ;P104;Lampe d'architecte Faisceau;Mobilier;2;;MAG06;Atelier Dijon Darcy;Dijon;Est;Bastien Roux
V00348;2023.10.24;CLI091;Yanis Bertrand;P401;Smartphone Signal;Téléphonie;3;1 347,00;MAG06;Atelier Dijon Darcy;Dijon;Est;Yanis Perrot
V00349;2023.10.25;CLI063;Malik Fontaine;P007;Disque SSD 1 To Silex;Électronique;5;545,00;MAG02;Atelier Amiens Rivery;Amiens;Nord;Thomas Girard
V00350;28/10/2023;CLI061;Anaïs Mercier;P006;Webcam HD Regard;Électronique;5;395,00;MAG02;Atelier Amiens Rivery;Amiens;Nord;Thomas Girard
V00351;29/10/2023;CLI011;Sarah Bertrand;P205;Bloc-notes adhésif Repère;Papeterie;64;249,60;MAG09;Atelier Paris Réaumur;Paris;Île-de-France;Camille Fournier
V00352;30/10/2023;CLI033;Mehdi Riviere;P008;Chargeur USB-C Foudre;Électronique;10;349.00;MAG08;Atelier Rennes Sainte-Anne;Rennes;Ouest;Malik Benali
V00353;31/10/2023;CLI070;Sofia Dupont;P305;Ventilateur colonne Brise;Électroménager;1;89.00;MAG01;Atelier Lille Grand Place;Lille;Nord;Thomas Girard
V00354;02/11/2023;CLI079;Karim Guérin   ;P204;Classeur à levier Dossier;Papeterie;42;226,80;MAG07;Atelier Nantes Graslin;Nantes;Ouest;Inès Moreau
V00355;2023.11.02;CLI088;Samir Mercier;P303;Micro-ondes Onde;Électroménager;4;596,00;MAG07;Atelier Nantes Graslin;Nantes;Ouest;Inès Moreau
V00356;4-nov-23;CLI001;  Hugo Gaillard ;P403;Batterie externe Réserve;Téléphonie;13;518,70;MAG04;Atelier Toulouse Capitole;Toulouse;Sud;Léa Bonnet
V00357;04/11/2023;CLI087;Camille Garnier;P406;Câble tressé Lien;Téléphonie;18;268,20;MAG01;Atelier Lille Grand Place;Lille;Nord;Thomas Girard
V00358;5-nov-23;CLI005;Yanis Riviere;P305;Ventilateur colonne Brise;Électroménager;3;267.00;MAG07;Atelier Nantes Graslin;Nantes;Ouest;Inès Moreau
V00359;2023.11.07;CLI022;Marion Quintin;P305;Ventilateur colonne Brise;Électroménager;6;534,00;MAG10;Atelier Créteil Soleil;Créteil;Île-de-France;Hugo Marchand
V00360;09/11/2023;CLI015;Marion Garnier;P001;Casque Bluetooth Aria;Électronique;7;;MAG09;Atelier Paris Réaumur;Paris;Île-de-France;Camille Fournier
V00361;10/11/2023;CLI003;Naïma Blanchard;P203;Ramette A4 Blancheur;Papeterie;35;311.50;MAG08;Atelier Rennes Sainte-Anne;Rennes;Ouest;Inès Moreau
V00362;11/11/2023;CLI039;Claire Klein;P105;Étagère modulaire Strate;Mobilier;5;695,00;MAG09;Atelier Paris Réaumur;Paris;Île-de-France;Hugo Marchand
V00363;12/11/2023;CLI093;Anaïs Riviere;P104;Lampe d'architecte Faisceau;Mobilier;7;661,50;MAG02;Atelier Amiens Rivery;Amiens;Nord;Thomas Girard
V00364;13/11/2023;CLI095;Nora Garnier;P008;Chargeur USB-C Foudre;Électronique;17;593,30;MAG04;Atelier Toulouse Capitole;Toulouse;Sud;Léa Bonnet
V00365;14/11/2023;CLI083;  Thomas Renaud ;P302;Machine à café Arôme;Électroménager;5;1 095,00;MAG03;Atelier Marseille Prado;Marseille;Sud;Samir Haddad
V00366;14/11/2023;CLI087;Camille Garnier;P405;Support voiture Cardan;Téléphonie;9;269,10;MAG06;Atelier Dijon Darcy;Dijon;Est;Yanis Perrot
V00367;15/11/2023;CLI008;Claire Fontaine;P302;Machine à café Arôme;Électroménager;2;438.00;MAG09;Atelier Paris Réaumur;Paris;Île-de-France;Hugo Marchand
V00368;16/11/2023;CLI089;Léa Marchal;P004;Clavier mécanique Frappe;Électronique;7;;MAG04;Atelier Toulouse Capitole;Toulouse;Sud;Samir Haddad
V00369;18/11/2023;CLI013;Marion Faure;P305;Ventilateur colonne Brise;Électroménager;6;534,00;MAG05;Atelier Strasbourg Krutenau;Strasbourg;Est;Yanis Perrot
V00370;19/11/2023;CLI073;Karim Lambert;P008;Chargeur USB-C Foudre;Électronique;5;174,50;MAG01;Atelier Lille Grand Place;Lille;Nord;Nora Lefèvre
V00371;20/11/2023;CLI061;Anaïs Mercier;P002;Enceinte nomade Volta;Électronique;6;774,00;MAG09;Atelier Paris Réaumur;Paris;Île-de-France;Camille Fournier
V00372;21/11/2023;CLI022;Marion Quintin;P104;Lampe d'architecte Faisceau;Mobilier;4;378,00;MAG09;Atelier Paris Réaumur;Paris;Île-de-France;Hugo Marchand
V00373;21/11/2023;CLI059;Thomas Imbert;P207;Agrafeuse Attache;Papeterie;29;432,10;MAG10;Atelier Créteil Soleil;Créteil;Île-de-France;Camille Fournier
V00374;2023.11.22;CLI068;Léa Guérin;P201;Carnet A5 Feuillet;Papeterie;23;158,70;MAG04;Atelier Toulouse Capitole;Toulouse;Sud;Samir Haddad
V00375;22/11/2023;CLI051;Yanis Marchal   ;P402;Coque renforcée Carapace;Téléphonie;14;348.60;MAG06;Atelier Dijon Darcy;Dijon;Est;Yanis Perrot
V00376;23-nov-23;CLI054;Malik Marchal;P201;Carnet A5 Feuillet;Papeterie;13;89,70;MAG12;Atelier Tours Nationale;Tours;Centre;Claire Vasseur
V00377;24/11/2023;CLI005;Yanis Riviere;P201;Carnet A5 Feuillet;Papeterie;34;234,60;MAG05;Atelier Strasbourg Krutenau;Strasbourg;Est;Yanis Perrot
V00378;2023.11.25;CLI089;Léa Marchal;P002;Enceinte nomade Volta;Électronique;4;516.00;MAG09;Atelier Paris Réaumur;Paris;Île-de-France;Hugo Marchand
V00379;25-nov-23;CLI005;Yanis Riviere;P403;Batterie externe Réserve;Téléphonie;6;239,40;MAG03;Atelier Marseille Prado;Marseille;Sud;Léa Bonnet
V00380;26/11/2023;CLI028;Yanis Dumas;P302;Machine à café Arôme;Électroménager;3;657.00;MAG09;Atelier Paris Réaumur;Paris;Île-de-France;Camille Fournier
V00381;27/11/2023;CLI031;Claire Renaud;P404;Casque filaire Fil;Téléphonie;15;;MAG09;Atelier Paris Réaumur;Paris;Île-de-France;Camille Fournier
V00382;2023.11.27;CLI040;Amandine Dumas;P405;Support voiture Cardan;Téléphonie;15;448,50;MAG05;Atelier Strasbourg Krutenau;Strasbourg;Est;Yanis Perrot
V00383;28/11/2023;CLI088;Samir Mercier;P402;Coque renforcée Carapace;Téléphonie;3;74,70;MAG12;Atelier Tours Nationale;Tours;Centre;Claire Vasseur
V00384;29/11/2023;CLI072;Malik Ollivier;P001;Casque Bluetooth Aria;Électronique;3;269,70;MAG12;Atelier Tours Nationale;Tours;Centre;Claire Vasseur
V00385;29/11/2023;CLI079;Karim Guérin;P402;Coque renforcée Carapace;Téléphonie;14;348,60;MAG03;Atelier Marseille Prado;Marseille;Sud;Samir Haddad
V00386;2023.11.30;CLI053;Chloé Imbert;P001;Casque Bluetooth Aria;Électronique;7;629.30;MAG08;Atelier Rennes Sainte-Anne;Rennes;Ouest;Inès Moreau
V00387;30/11/2023;CLI081;Anaïs Perrier;P007;Disque SSD 1 To Silex;Électronique;7;763,00;MAG08;Atelier Rennes Sainte-Anne;Rennes;Ouest;Malik Benali
V00388;2023.11.30;CLI058;Sofia Ziani;P403;Batterie externe Réserve;Téléphonie;9;359,10;MAG10;Atelier Créteil Soleil;Créteil;Île-de-France;Camille Fournier
V00389;2023.12.01;CLI035;Lucie Gaillard;P004;Clavier mécanique Frappe;Électronique;6;717,00;MAG04;Atelier Toulouse Capitole;Toulouse;Sud;Samir Haddad
V00390;01/12/2023;;Bastien Estève;P401;Smartphone Signal;Téléphonie;2;898,00;MAG04;Atelier Toulouse Capitole;Toulouse;Sud;Samir Haddad
V00391;2023.12.03;CLI014;Étienne Imbert;P001;Casque Bluetooth Aria;Électronique;8;719,20;MAG10;Atelier Créteil Soleil;Créteil;Île-de-France;Hugo Marchand
V00392;3-déc-23;CLI075;Léa Aubert;P204;Classeur à levier Dossier;Papeterie;22;118.80;MAG06;Atelier Dijon Darcy;Dijon;Est;Yanis Perrot
V00393;04/12/2023;CLI082;Claire Mercier;P402;Coque renforcée Carapace;Téléphonie;23;572,70;MAG01;Atelier Lille Grand Place;Lille;Nord;Nora Lefèvre
V00394;5-déc-23;CLI085;Amandine Klein;P403;Batterie externe Réserve;Téléphonie;8;319,20;MAG05;Atelier Strasbourg Krutenau;Strasbourg;Est;Bastien Roux
V00395;09/12/2023;CLI041;Océane Gaillard;P401;Smartphone Signal;Téléphonie;1;449,00;MAG03;Atelier Marseille Prado;Marseille;Sud;Samir Haddad
V00396;12/12/2023;CLI079;Karim Guérin;P406;Câble tressé Lien;Téléphonie;17;253,30;MAG11;Atelier Orléans Martroi;Orléans;Centre;Claire Vasseur
V00397;13/12/2023;CLI010;Naïma Ziani;P007;Disque SSD 1 To Silex;Électronique;5;545,00;MAG08;Atelier Rennes Sainte-Anne;Rennes;Ouest;Inès Moreau
V00398;2023.12.15;CLI074;Inès Mercier;P204;Classeur à levier Dossier;Papeterie;33;178,20;MAG10;Atelier Créteil Soleil;Créteil;Île-de-France;Camille Fournier
V00399;2023.12.18;CLI081; Anaïs  Perrier;P004;Clavier mécanique Frappe;Électronique;7;836,50;MAG01;Atelier Lille Grand Place;Lille;Nord;Nora Lefèvre
V00400;18/12/2023;CLI093;Anaïs Riviere;P101;Chaise de bureau Assise;Mobilier;5;1 245,00;MAG02;Atelier Amiens Rivery;Amiens;Nord;Nora Lefèvre
V00401;2023.12.19;CLI063;Malik Fontaine;P207;Agrafeuse Attache;Papeterie;22;327,80;MAG08;Atelier Rennes Sainte-Anne;Rennes;Ouest;Malik Benali
V00402;19/12/2023;CLI087;Camille Garnier   ;P405;Support voiture Cardan;Téléphonie;8;239,20;MAG08;Atelier Rennes Sainte-Anne;Rennes;Ouest;Malik Benali
V00403;20/12/2023;CLI005;Yanis Riviere;P406;Câble tressé Lien;Téléphonie;21;erreur import;MAG09;Atelier Paris Réaumur;Paris;Île-de-France;Hugo Marchand
V00404;21/12/2023;CLI035;Lucie Gaillard;P007;Disque SSD 1 To Silex;Électronique;6;654,00;MAG01;Atelier Lille Grand Place;Lille;Nord;Nora Lefèvre
V00405;21-déc-23;CLI015;Marion Garnier;P203;Ramette A4 Blancheur;Papeterie;23;204,70;MAG09;Atelier Paris Réaumur;Paris;Île-de-France;Camille Fournier
V00406;22/12/2023;CLI018; Thomas  Ollivier;P007;Disque SSD 1 To Silex;Électronique;4;436,00;MAG11;Atelier Orléans Martroi;Orléans;Centre;Claire Vasseur
V00407;22-déc-23;CLI014;Étienne Imbert;P207;Agrafeuse Attache;Papeterie;16;238,40;MAG09;Atelier Paris Réaumur;Paris;Île-de-France;Hugo Marchand
V00408;23/12/2023;CLI013;Marion Faure;P103;Caisson à roulettes Tiroir;Mobilier;4;716,00;MAG07;Atelier Nantes Graslin;Nantes;Ouest;Malik Benali
V00409;24/12/2023;CLI011;Sarah Bertrand;P001;Casque Bluetooth Aria;Électronique;8;719,20;MAG09;Atelier Paris Réaumur;Paris;Île-de-France;Camille Fournier
V00410;24/12/2023;CLI092;Inès Guérin;P007;Disque SSD 1 To Silex;Électronique;7;763,00;MAG02;Atelier Amiens Rivery;Amiens;Nord;Thomas Girard
V00411;25-déc-23;CLI048;Camille Caron;P403;Batterie externe Réserve;Téléphonie;9;359,10;MAG05;Atelier Strasbourg Krutenau;Strasbourg;Est;Yanis Perrot
V00412;26/12/2023;CLI050;Élodie Blanchard;P207;Agrafeuse Attache;Papeterie;19;283,10;MAG09;Atelier Paris Réaumur;Paris;Île-de-France;Hugo Marchand
V00413;27/12/2023;CLI052;Océane Ollivier   ;P003;Écran 27 pouces Lumen;Électronique;2;658,00;MAG03;Atelier Marseille Prado;Marseille;Sud;Samir Haddad
V00414;28/12/2023;CLI026; Camille  Aubert;P002;Enceinte nomade Volta;Électronique;4;516,00;MAG08;Atelier Rennes Sainte-Anne;Rennes;Ouest;Malik Benali
V00415;28/12/2023;CLI085;Amandine Klein;P403;Batterie externe Réserve;Téléphonie;15;598,50;MAG04;Atelier Toulouse Capitole;Toulouse;Sud;Léa Bonnet
V00416;29/12/2023;CLI001;Hugo Gaillard;P004;Clavier mécanique Frappe;Électronique;5;597,50;MAG03;Atelier Marseille Prado;Marseille;Sud;Samir Haddad
V00417;29/12/2023;CLI077;  Yanis Nguyen ;P202;Stylo roller Encre;Papeterie;34;153,00;MAG09;Atelier Paris Réaumur;Paris;Île-de-France;Camille Fournier
V00418;29/12/2023;CLI022;Marion Quintin;P203;Ramette A4 Blancheur;Papeterie;20;178,00;MAG07;Atelier Nantes Graslin;Nantes;Ouest;Malik Benali
V00419;31-déc-23;CLI059;Thomas Imbert;P007;Disque SSD 1 To Silex;Électronique;5;545.00;MAG01;Atelier Lille Grand Place;Lille;Nord;Thomas Girard
V00420;31/12/2023;CLI093;Anaïs Riviere;P303;Micro-ondes Onde;Électroménager;6;894,00;MAG09;Atelier Paris Réaumur;Paris;Île-de-France;Hugo Marchand
